id;dfPerfil;knnPerfil;avg_Nota1;avg_Nota2
id0000021;Agressivo;Agressivo;51.46;48.41
id0000062;Agressivo;Agressivo;49.45;49.77
id0000070;Agressivo;Agressivo;40.69;33.51
id0000075;Agressivo;Agressivo;62.8;57.34
id0000122;Agressivo;Agressivo;72.17;
id0000132;Agressivo;Agressivo;20.43;
id0000179;Agressivo;Agressivo;48.31;
id0000207;Agressivo;Conservador;40.64;53.35
id0000220;Agressivo;Conservador;65.19;
id0000226;Agressivo;Conservador;22.39;66.32
id0000236;Agressivo;Agressivo;52.61;
id0000239;Agressivo;Conservador;56.58;40.45
id0000262;Agressivo;Conservador;80.11;
id0000273;Agressivo;Agressivo;50.3;49.65
id0000317;Agressivo;Conservador;64.35;
id0000342;Agressivo;Moderado;61.05;69.37
id0000370;Agressivo;Agressivo;40.56;44.24
id0000374;Agressivo;Moderado;51.12;
id0000406;Agressivo;Conservador;54.32;
id0000425;Agressivo;Agressivo;53.34;
id0000445;Agressivo;Agressivo;52.29;
id0000501;Agressivo;Agressivo;43.07;
id0000530;Agressivo;Agressivo;35.62;
id0000560;Agressivo;Conservador;46.35;81.29
id0000581;Agressivo;Conservador;37.45;
id0000613;Agressivo;Agressivo;58.28;54.0
id0000622;Agressivo;Agressivo;51.15;
id0000662;Agressivo;Agressivo;35.33;40.59
id0000680;Agressivo;Agressivo;56.41;65.18
id0000717;Agressivo;Agressivo;38.23;44.45
id0000718;Agressivo;Conservador;61.05;
id0000754;Agressivo;Agressivo;54.24;
id0000762;Agressivo;Conservador;31.98;
id0000803;Agressivo;Agressivo;58.29;49.07
id0000810;Agressivo;Agressivo;52.64;
id0000814;Agressivo;Moderado;30.01;
id0000816;Agressivo;Moderado;42.55;48.47
id0000825;Agressivo;Moderado;48.66;49.99
id0000853;Agressivo;Agressivo;25.54;
id0000914;Agressivo;Conservador;32.89;45.3
id0000917;Agressivo;Agressivo;44.3;
id0000934;Agressivo;Agressivo;19.67;
id0000954;Agressivo;Agressivo;50.93;
id0000988;Agressivo;Moderado;35.95;57.15
id0001030;Agressivo;Agressivo;52.3;
id0001046;Agressivo;Conservador;80.1;
id0001059;Agressivo;Agressivo;68.7;
id0001072;Agressivo;Conservador;35.41;36.26
id0001094;Agressivo;Agressivo;56.57;
id0001105;Agressivo;Agressivo;32.45;
id0001116;Agressivo;Moderado;60.4;67.8
id0001150;Agressivo;Conservador;51.23;
id0001185;Agressivo;Conservador;59.64;45.31
id0001187;Agressivo;Moderado;63.22;
id0001213;Agressivo;Conservador;44.5;
id0001230;Agressivo;Agressivo;49.99;52.73
id0001232;Agressivo;Agressivo;48.86;
id0001233;Agressivo;Agressivo;50.09;47.79
id0001235;Agressivo;Agressivo;61.23;
id0001246;Agressivo;Moderado;56.38;
id0001258;Agressivo;Moderado;55.81;
id0001266;Agressivo;Agressivo;33.14;
id0001355;Agressivo;Moderado;51.5;44.74
id0001369;Agressivo;Moderado;40.2;
id0001396;Agressivo;Moderado;39.88;
id0001417;Agressivo;Conservador;49.97;38.55
id0001458;Agressivo;Moderado;58.48;44.0
id0001478;Agressivo;Conservador;64.62;
id0001525;Agressivo;Agressivo;51.02;33.41
id0001557;Agressivo;Agressivo;49.16;76.49
id0001595;Agressivo;Agressivo;58.52;
id0001631;Agressivo;Agressivo;52.2;49.01
id0001635;Agressivo;Moderado;44.21;55.58
id0001638;Agressivo;Moderado;41.02;
id0001650;Agressivo;Agressivo;44.42;
id0001655;Agressivo;Agressivo;58.82;
id0001673;Agressivo;Agressivo;59.89;18.14
id0001682;Agressivo;Agressivo;30.99;65.63
id0001698;Agressivo;Agressivo;44.63;
id0001704;Agressivo;Agressivo;37.98;
id0001723;Agressivo;Moderado;57.42;
id0001730;Agressivo;Agressivo;62.88;41.77
id0001764;Agressivo;Agressivo;56.88;35.3
id0001769;Agressivo;Moderado;29.9;51.62
id0001810;Agressivo;Agressivo;29.95;
id0001821;Agressivo;Moderado;39.66;44.87
id0001836;Agressivo;Agressivo;55.64;61.11
id0001839;Agressivo;Agressivo;45.5;56.91
id0001841;Agressivo;Moderado;49.69;52.95
id0001860;Agressivo;Agressivo;50.44;
id0001865;Agressivo;Conservador;27.02;60.64
id0001904;Agressivo;Moderado;37.9;
id0001923;Agressivo;Conservador;41.87;66.48
id0001928;Agressivo;Moderado;67.22;
id0001965;Agressivo;Agressivo;59.4;
id0001984;Agressivo;Conservador;54.28;52.97
id0002072;Agressivo;Agressivo;44.61;
id0002074;Agressivo;Agressivo;52.14;58.05
id0002159;Agressivo;Moderado;43.18;
id0002199;Agressivo;Moderado;31.85;45.42
id0002208;Agressivo;Agressivo;72.21;
id0002211;Agressivo;Moderado;38.73;
id0002229;Agressivo;Moderado;44.68;
id0002232;Agressivo;Agressivo;34.01;
id0002259;Agressivo;Agressivo;54.93;
id0002329;Agressivo;Conservador;52.26;37.61
id0002334;Agressivo;Conservador;39.4;62.29
id0002362;Agressivo;Agressivo;40.1;
id0002376;Agressivo;Agressivo;71.72;70.12
id0002429;Agressivo;Agressivo;55.71;60.52
id0002443;Agressivo;Agressivo;57.31;54.99
id0002444;Agressivo;Agressivo;37.11;57.58
id0002452;Agressivo;Agressivo;72.43;
id0002601;Agressivo;Agressivo;61.31;48.36
id0002624;Agressivo;Moderado;75.48;
id0002633;Agressivo;Moderado;45.96;47.4
id0002645;Agressivo;Moderado;38.31;20.13
id0002664;Agressivo;Agressivo;35.0;
id0002714;Agressivo;Conservador;21.96;
id0002725;Agressivo;Agressivo;19.99;
id0002764;Agressivo;Moderado;70.78;52.1
id0002775;Agressivo;Agressivo;46.32;
id0002779;Agressivo;Agressivo;60.36;47.28
id0002783;Agressivo;Agressivo;68.13;
id0002797;Agressivo;Conservador;39.39;50.99
id0002841;Agressivo;Moderado;45.99;42.7
id0002853;Agressivo;Agressivo;45.87;
id0002854;Agressivo;Moderado;52.28;33.27
id0002875;Agressivo;Conservador;45.39;46.46
id0002896;Agressivo;Conservador;39.83;17.93
id0002919;Agressivo;Conservador;56.84;58.47
id0002921;Agressivo;Moderado;25.08;56.53
id0003010;Agressivo;Agressivo;31.96;
id0003019;Agressivo;Agressivo;56.05;
id0003030;Agressivo;Agressivo;53.68;34.04
id0003124;Agressivo;Conservador;48.46;
id0003170;Agressivo;Moderado;52.13;60.46
id0003177;Agressivo;Moderado;46.92;64.31
id0003202;Agressivo;Agressivo;77.83;
id0003225;Agressivo;Agressivo;38.91;
id0003243;Agressivo;Agressivo;72.55;
id0003258;Agressivo;Conservador;58.61;46.27
id0003272;Agressivo;Agressivo;47.5;
id0003280;Agressivo;Agressivo;37.62;
id0003323;Agressivo;Moderado;46.63;61.24
id0003426;Agressivo;Agressivo;55.37;
id0003519;Agressivo;Agressivo;30.11;31.99
id0003563;Agressivo;Agressivo;61.7;
id0003574;Agressivo;Agressivo;44.4;38.58
id0003577;Agressivo;Moderado;62.68;37.89
id0003587;Agressivo;Conservador;21.56;
id0003629;Agressivo;Agressivo;51.67;40.09
id0003631;Agressivo;Agressivo;35.25;
id0003661;Agressivo;Agressivo;54.26;
id0003668;Agressivo;Conservador;15.57;
id0003679;Agressivo;Moderado;51.33;
id0003694;Agressivo;Agressivo;61.32;
id0003766;Agressivo;Conservador;75.46;60.68
id0003791;Agressivo;Agressivo;57.66;
id0003841;Agressivo;Agressivo;66.23;
id0003842;Agressivo;Agressivo;36.46;
id0003858;Agressivo;Agressivo;27.38;
id0003873;Agressivo;Conservador;32.88;63.47
id0003886;Agressivo;Agressivo;65.48;
id0003899;Agressivo;Conservador;53.94;
id0003912;Agressivo;Moderado;50.48;38.28
id0003953;Agressivo;Agressivo;43.83;56.95
id0003959;Agressivo;Agressivo;39.65;65.17
id0003975;Agressivo;Agressivo;41.53;40.39
id0003980;Agressivo;Conservador;39.81;52.05
id0003988;Agressivo;Moderado;48.43;34.57
id0004023;Agressivo;Moderado;48.5;53.24
id0004034;Agressivo;Conservador;75.55;66.58
id0004067;Agressivo;Agressivo;62.51;
id0004093;Agressivo;Agressivo;40.04;
id0004119;Agressivo;Agressivo;78.23;60.16
id0004144;Agressivo;Agressivo;65.95;
id0004199;Agressivo;Agressivo;65.64;
id0004248;Agressivo;Moderado;39.51;53.18
id0004354;Agressivo;Moderado;30.97;50.3
id0004369;Agressivo;Moderado;65.17;
id0004392;Agressivo;Agressivo;63.06;
id0004419;Agressivo;Agressivo;60.28;48.38
id0004432;Agressivo;Agressivo;35.78;
id0004456;Agressivo;Conservador;46.23;
id0004462;Agressivo;Agressivo;29.78;61.04
id0004507;Agressivo;Conservador;85.16;65.69
id0004511;Agressivo;Conservador;36.04;42.76
id0004529;Agressivo;Agressivo;57.08;
id0004533;Agressivo;Conservador;41.14;
id0004569;Agressivo;Agressivo;36.8;59.69
id0004572;Agressivo;Conservador;46.74;
id0004581;Agressivo;Agressivo;32.41;
id0004591;Agressivo;Conservador;31.17;
id0004623;Agressivo;Moderado;30.99;27.01
id0004755;Agressivo;Conservador;29.89;
id0004822;Agressivo;Moderado;34.83;
id0004832;Agressivo;Conservador;60.11;
id0004840;Agressivo;Conservador;32.95;
id0004854;Agressivo;Agressivo;69.54;
id0004897;Agressivo;Moderado;50.61;52.73
id0004901;Agressivo;Moderado;24.29;47.31
id0004953;Agressivo;Agressivo;52.21;
id0004997;Agressivo;Agressivo;61.64;
id0005019;Agressivo;Moderado;26.89;59.95
id0005024;Agressivo;Conservador;40.5;
id0005040;Agressivo;Agressivo;41.53;49.65
id0005074;Agressivo;Agressivo;56.13;
id0005137;Agressivo;Agressivo;49.64;
id0005148;Agressivo;Agressivo;66.95;
id0005195;Agressivo;Agressivo;43.87;33.65
id0005234;Agressivo;Agressivo;45.66;
id0005253;Agressivo;Agressivo;69.0;
id0005285;Agressivo;Agressivo;64.08;
id0005297;Agressivo;Agressivo;45.89;
id0005308;Agressivo;Agressivo;55.66;
id0005333;Agressivo;Agressivo;63.48;
id0005337;Agressivo;Conservador;39.8;48.09
id0005342;Agressivo;Agressivo;41.35;
id0005379;Agressivo;Agressivo;49.02;49.28
id0005385;Agressivo;Moderado;39.89;
id0005387;Agressivo;Agressivo;53.78;
id0005418;Agressivo;Agressivo;29.44;
id0005492;Agressivo;Conservador;53.88;38.64
id0005504;Agressivo;Agressivo;54.09;
id0005512;Agressivo;Agressivo;43.54;
id0005522;Agressivo;Agressivo;50.86;
id0005553;Agressivo;Conservador;35.9;54.44
id0005565;Agressivo;Conservador;49.51;51.11
id0005579;Agressivo;Conservador;25.87;
id0005615;Agressivo;Agressivo;49.2;44.69
id0005625;Agressivo;Agressivo;52.39;
id0005640;Agressivo;Moderado;51.06;28.91
id0005649;Agressivo;Moderado;26.52;47.52
id0005676;Agressivo;Agressivo;33.24;
id0005688;Agressivo;Agressivo;42.5;
id0005692;Agressivo;Conservador;46.13;
id0005694;Agressivo;Agressivo;40.93;
id0005733;Agressivo;Moderado;42.46;
id0005776;Agressivo;Moderado;67.48;56.34
id0005798;Agressivo;Conservador;40.25;
id0005817;Agressivo;Moderado;23.88;37.27
id0005834;Agressivo;Conservador;63.93;44.0
id0005837;Agressivo;Moderado;52.48;71.01
id0005851;Agressivo;Moderado;63.83;26.31
id0005854;Agressivo;Conservador;57.34;60.8
id0005876;Agressivo;Agressivo;49.86;53.94
id0005914;Agressivo;Agressivo;35.4;
id0005921;Agressivo;Moderado;40.17;41.58
id0005950;Agressivo;Agressivo;54.39;
id0005977;Agressivo;Moderado;58.56;74.09
id0005990;Agressivo;Conservador;39.88;38.83
id0005999;Agressivo;Agressivo;58.12;
id0006050;Agressivo;Moderado;32.13;46.26
id0006054;Agressivo;Agressivo;26.46;
id0006130;Agressivo;Conservador;35.81;
id0006146;Agressivo;Agressivo;59.46;
id0006208;Agressivo;Moderado;44.8;
id0006210;Agressivo;Agressivo;26.5;71.85
id0006236;Agressivo;Conservador;63.68;45.18
id0006254;Agressivo;Agressivo;50.95;
id0006369;Agressivo;Agressivo;51.67;
id0006374;Agressivo;Agressivo;46.55;49.5
id0006379;Agressivo;Agressivo;38.59;
id0006390;Agressivo;Moderado;52.6;39.65
id0006393;Agressivo;Agressivo;48.72;
id0006436;Agressivo;Moderado;54.54;42.13
id0006487;Agressivo;Moderado;38.64;70.97
id0006492;Agressivo;Agressivo;63.86;
id0006498;Agressivo;Agressivo;63.77;59.61
id0006508;Agressivo;Moderado;60.74;
id0006558;Agressivo;Conservador;47.59;65.37
id0006583;Agressivo;Moderado;51.66;
id0006598;Agressivo;Agressivo;37.25;69.06
id0006612;Agressivo;Agressivo;67.09;
id0006661;Agressivo;Agressivo;44.57;
id0006674;Agressivo;Agressivo;73.04;
id0006730;Agressivo;Moderado;35.99;39.27
id0006738;Agressivo;Agressivo;58.16;
id0006759;Agressivo;Moderado;51.37;
id0006817;Agressivo;Conservador;43.81;40.69
id0006827;Agressivo;Moderado;38.5;47.19
id0006855;Agressivo;Moderado;43.16;
id0006898;Agressivo;Conservador;45.42;70.82
id0006919;Agressivo;Moderado;53.55;
id0007009;Agressivo;Conservador;33.15;57.85
id0007023;Agressivo;Moderado;60.48;61.11
id0007060;Agressivo;Moderado;61.4;40.28
id0007072;Agressivo;Agressivo;49.12;48.0
id0007085;Agressivo;Conservador;24.32;
id0007088;Agressivo;Conservador;37.35;
id0007173;Agressivo;Conservador;46.52;73.67
id0007183;Agressivo;Agressivo;51.35;48.85
id0007184;Agressivo;Agressivo;42.68;
id0007205;Agressivo;Conservador;59.08;
id0007297;Agressivo;Agressivo;69.18;64.15
id0007351;Agressivo;Agressivo;32.27;61.0
id0007363;Agressivo;Moderado;46.58;54.58
id0007370;Agressivo;Moderado;38.78;
id0007399;Agressivo;Conservador;34.26;48.33
id0007413;Agressivo;Moderado;32.55;31.71
id0007422;Agressivo;Moderado;44.24;51.41
id0007526;Agressivo;Conservador;63.99;62.33
id0007535;Agressivo;Moderado;27.6;22.87
id0007598;Agressivo;Agressivo;62.96;
id0007612;Agressivo;Agressivo;58.53;
id0007638;Agressivo;Agressivo;49.86;
id0007786;Agressivo;Agressivo;37.61;45.0
id0007799;Agressivo;Agressivo;53.64;
id0007857;Agressivo;Agressivo;49.27;
id0007890;Agressivo;Moderado;53.86;52.83
id0007918;Agressivo;Moderado;57.02;49.25
id0007945;Agressivo;Moderado;71.11;58.89
id0007954;Agressivo;Agressivo;52.55;71.98
id0008039;Agressivo;Conservador;40.77;64.48
id0008068;Agressivo;Agressivo;44.62;
id0008091;Agressivo;Moderado;64.2;59.5
id0008131;Agressivo;Agressivo;44.61;
id0008207;Agressivo;Moderado;55.95;58.49
id0008220;Agressivo;Agressivo;57.28;
id0008228;Agressivo;Agressivo;53.37;55.06
id0008239;Agressivo;Agressivo;52.84;
id0008275;Agressivo;Conservador;46.35;51.11
id0008313;Agressivo;Agressivo;74.62;
id0008337;Agressivo;Moderado;37.28;47.92
id0008392;Agressivo;Agressivo;47.37;
id0008397;Agressivo;Moderado;25.29;
id0008421;Agressivo;Conservador;30.01;64.16
id0008447;Agressivo;Agressivo;42.76;
id0008470;Agressivo;Agressivo;51.43;
id0008543;Agressivo;Agressivo;66.09;49.99
id0008545;Agressivo;Agressivo;48.64;
id0008554;Agressivo;Agressivo;59.88;
id0008600;Agressivo;Agressivo;31.31;
id0008623;Agressivo;Moderado;72.57;26.41
id0008681;Agressivo;Conservador;56.77;
id0008705;Agressivo;Moderado;68.24;60.49
id0008710;Agressivo;Conservador;32.44;33.38
id0008712;Agressivo;Moderado;34.53;
id0008741;Agressivo;Moderado;43.02;
id0008748;Agressivo;Conservador;30.81;
id0008775;Agressivo;Moderado;41.2;
id0008807;Agressivo;Agressivo;54.04;
id0008808;Agressivo;Conservador;31.9;
id0008883;Agressivo;Agressivo;55.21;
id0008895;Agressivo;Conservador;34.9;
id0008902;Agressivo;Moderado;73.4;48.98
id0008904;Agressivo;Agressivo;56.52;
id0008966;Agressivo;Moderado;50.73;
id0008974;Agressivo;Conservador;58.75;
id0008997;Agressivo;Conservador;52.7;47.57
id0009009;Agressivo;Agressivo;63.88;
id0009020;Agressivo;Agressivo;62.26;
id0009021;Agressivo;Agressivo;53.26;
id0009047;Agressivo;Moderado;39.08;
id0009050;Agressivo;Conservador;19.7;30.26
id0009053;Agressivo;Agressivo;55.22;
id0009057;Agressivo;Agressivo;50.02;
id0009061;Agressivo;Agressivo;75.97;42.51
id0009063;Agressivo;Conservador;40.91;75.15
id0009069;Agressivo;Conservador;53.36;29.36
id0009089;Agressivo;Moderado;40.25;16.9
id0009130;Agressivo;Agressivo;76.89;
id0009138;Agressivo;Agressivo;41.69;
id0009144;Agressivo;Agressivo;24.05;
id0009166;Agressivo;Moderado;65.31;54.8
id0009190;Agressivo;Conservador;48.87;73.49
id0009215;Agressivo;Agressivo;59.96;47.03
id0009254;Agressivo;Conservador;40.73;37.9
id0009259;Agressivo;Moderado;27.66;
id0009310;Agressivo;Conservador;40.19;46.48
id0009332;Agressivo;Agressivo;51.8;58.16
id0009395;Agressivo;Moderado;52.83;40.71
id0009502;Agressivo;Moderado;57.84;55.52
id0009507;Agressivo;Conservador;35.07;
id0009552;Agressivo;Moderado;51.69;
id0009559;Agressivo;Agressivo;42.29;
id0009592;Agressivo;Agressivo;64.83;44.99
id0009604;Agressivo;Agressivo;60.89;
id0009636;Agressivo;Agressivo;54.59;37.8
id0009638;Agressivo;Conservador;59.47;
id0009644;Agressivo;Agressivo;61.13;
id0009663;Agressivo;Moderado;42.66;56.64
id0009694;Agressivo;Conservador;48.58;66.1
id0009698;Agressivo;Agressivo;37.93;
id0009729;Agressivo;Agressivo;42.01;
id0009758;Agressivo;Agressivo;58.85;35.97
id0009779;Agressivo;Moderado;67.49;
id0009806;Agressivo;Conservador;55.24;72.22
id0009848;Agressivo;Agressivo;49.41;50.03
id0009851;Agressivo;Conservador;50.36;
id0009869;Agressivo;Agressivo;46.31;
id0009870;Agressivo;Conservador;62.11;40.34
id0009938;Agressivo;Agressivo;57.92;
id0009940;Agressivo;Conservador;49.04;64.1
id0009947;Agressivo;Agressivo;33.82;53.04
id0009957;Agressivo;Agressivo;52.98;
id0009999;Agressivo;Agressivo;33.7;
id0010029;Agressivo;Agressivo;50.51;47.51
id0010033;Agressivo;Conservador;38.24;63.75
id0010036;Agressivo;Moderado;44.11;
id0010039;Agressivo;Moderado;30.59;
id0010065;Agressivo;Moderado;56.85;
id0010098;Agressivo;Agressivo;34.47;
id0010101;Agressivo;Moderado;62.71;51.95
id0010115;Agressivo;Agressivo;52.78;
id0010131;Agressivo;Conservador;47.98;50.62
id0010136;Agressivo;Conservador;31.96;
id0010141;Agressivo;Agressivo;68.97;43.78
id0010167;Agressivo;Conservador;73.21;34.52
id0010169;Agressivo;Agressivo;40.66;
id0010177;Agressivo;Agressivo;29.15;
id0010182;Agressivo;Agressivo;59.25;
id0010228;Agressivo;Moderado;23.97;65.04
id0010244;Agressivo;Conservador;40.03;69.44
id0010260;Agressivo;Agressivo;33.34;
id0010276;Agressivo;Moderado;48.92;
id0010280;Agressivo;Moderado;50.41;62.88
id0010346;Agressivo;Moderado;63.95;44.77
id0010381;Agressivo;Conservador;80.47;
id0010401;Agressivo;Moderado;53.62;
id0010428;Agressivo;Moderado;47.65;
id0010436;Agressivo;Moderado;45.63;
id0010481;Agressivo;Moderado;64.89;
id0010596;Agressivo;Agressivo;18.66;
id0010633;Agressivo;Agressivo;55.16;22.43
id0010673;Agressivo;Moderado;65.26;
id0010674;Agressivo;Conservador;79.58;
id0010739;Agressivo;Agressivo;54.53;47.62
id0010742;Agressivo;Agressivo;53.93;
id0010751;Agressivo;Agressivo;38.9;
id0010773;Agressivo;Agressivo;36.81;74.09
id0010783;Agressivo;Moderado;36.61;
id0010788;Agressivo;Agressivo;31.29;
id0010792;Agressivo;Conservador;41.39;
id0010831;Agressivo;Moderado;49.83;
id0010863;Agressivo;Agressivo;46.26;
id0010891;Agressivo;Moderado;32.2;46.57
id0010897;Agressivo;Agressivo;42.65;
id0010917;Agressivo;Moderado;34.97;38.22
id0010942;Agressivo;Conservador;63.83;41.19
id0010959;Agressivo;Moderado;42.62;41.65
id0011010;Agressivo;Moderado;49.77;
id0011026;Agressivo;Agressivo;36.38;
id0011061;Agressivo;Agressivo;59.38;41.19
id0011081;Agressivo;Agressivo;52.16;60.37
id0011093;Agressivo;Conservador;60.91;48.96
id0011095;Agressivo;Conservador;69.82;57.33
id0011103;Agressivo;Conservador;78.71;38.57
id0011121;Agressivo;Conservador;60.54;
id0011131;Agressivo;Moderado;37.27;
id0011153;Agressivo;Moderado;53.77;43.05
id0011157;Agressivo;Agressivo;49.07;
id0011163;Agressivo;Moderado;50.24;
id0011167;Agressivo;Moderado;49.03;
id0011204;Agressivo;Conservador;41.06;58.19
id0011217;Agressivo;Agressivo;52.6;
id0011224;Agressivo;Conservador;37.74;
id0011233;Agressivo;Agressivo;54.43;44.87
id0011249;Agressivo;Moderado;53.9;
id0011269;Agressivo;Conservador;49.59;41.43
id0011323;Agressivo;Agressivo;47.01;
id0011328;Agressivo;Agressivo;40.5;45.37
id0011337;Agressivo;Moderado;29.41;
id0011343;Agressivo;Conservador;64.82;73.68
id0011344;Agressivo;Moderado;68.86;
id0011350;Agressivo;Conservador;31.35;35.61
id0011451;Agressivo;Agressivo;49.19;50.9
id0011467;Agressivo;Agressivo;52.39;
id0011516;Agressivo;Agressivo;34.88;
id0011576;Agressivo;Agressivo;56.14;
id0011627;Agressivo;Agressivo;48.73;
id0011676;Agressivo;Agressivo;48.43;
id0011685;Agressivo;Agressivo;42.0;
id0011693;Agressivo;Conservador;52.34;
id0011695;Agressivo;Agressivo;48.0;
id0011702;Agressivo;Agressivo;23.08;
id0011712;Agressivo;Agressivo;35.85;
id0011726;Agressivo;Conservador;69.71;50.98
id0011740;Agressivo;Conservador;25.85;64.39
id0011748;Agressivo;Agressivo;43.56;
id0011810;Agressivo;Conservador;52.51;54.57
id0011847;Agressivo;Agressivo;38.52;
id0011859;Agressivo;Agressivo;56.32;
id0011887;Agressivo;Agressivo;51.43;
id0011889;Agressivo;Conservador;52.92;
id0011933;Agressivo;Conservador;48.69;50.7
id0012041;Agressivo;Conservador;46.66;56.64
id0012101;Agressivo;Moderado;46.63;39.33
id0012186;Agressivo;Moderado;47.12;63.06
id0012206;Agressivo;Agressivo;51.43;
id0012216;Agressivo;Conservador;53.92;
id0012217;Agressivo;Agressivo;55.23;60.43
id0012259;Agressivo;Agressivo;44.46;
id0012313;Agressivo;Conservador;27.31;
id0012316;Agressivo;Moderado;56.38;
id0012322;Agressivo;Agressivo;70.82;
id0012325;Agressivo;Agressivo;57.17;58.84
id0012331;Agressivo;Agressivo;50.44;
id0012345;Agressivo;Conservador;57.62;
id0012394;Agressivo;Conservador;45.88;63.3
id0012427;Agressivo;Conservador;53.28;45.06
id0012435;Agressivo;Moderado;62.95;59.79
id0012512;Agressivo;Conservador;40.68;32.55
id0012522;Agressivo;Agressivo;48.34;
id0012542;Agressivo;Moderado;30.06;
id0012607;Agressivo;Agressivo;28.14;
id0012610;Agressivo;Agressivo;67.08;
id0012723;Agressivo;Agressivo;56.51;
id0012733;Agressivo;Agressivo;33.49;
id0012815;Agressivo;Moderado;39.81;88.45
id0012868;Agressivo;Agressivo;39.8;
id0012912;Agressivo;Conservador;58.61;51.58
id0012966;Agressivo;Moderado;46.76;42.68
id0012996;Agressivo;Agressivo;30.69;67.38
id0013061;Agressivo;Conservador;55.31;
id0013063;Agressivo;Agressivo;30.96;
id0013080;Agressivo;Moderado;64.33;38.04
id0013088;Agressivo;Agressivo;42.31;
id0013102;Agressivo;Moderado;27.63;46.63
id0013118;Agressivo;Conservador;45.1;60.15
id0013126;Agressivo;Conservador;68.55;
id0013167;Agressivo;Agressivo;58.98;
id0013187;Agressivo;Agressivo;45.45;
id0013211;Agressivo;Agressivo;54.18;
id0013221;Agressivo;Moderado;57.76;45.96
id0013222;Agressivo;Conservador;34.88;42.55
id0013258;Agressivo;Agressivo;61.81;56.1
id0013310;Agressivo;Conservador;42.47;58.75
id0013311;Agressivo;Conservador;23.76;59.6
id0013324;Agressivo;Conservador;24.18;33.27
id0013330;Agressivo;Moderado;55.15;
id0013333;Agressivo;Moderado;48.47;59.82
id0013337;Agressivo;Moderado;68.85;69.68
id0013347;Agressivo;Agressivo;40.93;
id0013364;Agressivo;Moderado;62.66;47.32
id0013401;Agressivo;Moderado;38.15;37.21
id0013411;Agressivo;Agressivo;71.38;40.26
id0013477;Agressivo;Agressivo;25.64;
id0013508;Agressivo;Agressivo;42.01;
id0013522;Agressivo;Agressivo;51.52;
id0013565;Agressivo;Moderado;37.23;39.4
id0013571;Agressivo;Moderado;33.92;
id0013605;Agressivo;Agressivo;50.03;
id0013619;Agressivo;Agressivo;40.62;
id0013623;Agressivo;Agressivo;24.5;41.35
id0013633;Agressivo;Agressivo;54.01;40.88
id0013662;Agressivo;Agressivo;41.45;
id0013679;Agressivo;Agressivo;68.33;
id0013765;Agressivo;Agressivo;58.13;
id0013801;Agressivo;Agressivo;55.06;
id0013802;Agressivo;Conservador;54.63;
id0013825;Agressivo;Agressivo;23.02;36.86
id0013843;Agressivo;Agressivo;62.47;43.12
id0013873;Agressivo;Agressivo;49.04;
id0013894;Agressivo;Agressivo;62.13;
id0013917;Agressivo;Conservador;54.07;70.54
id0013933;Agressivo;Conservador;41.2;43.65
id0013991;Agressivo;Agressivo;49.44;
id0014037;Agressivo;Conservador;56.57;
id0014051;Agressivo;Agressivo;57.27;
id0014086;Agressivo;Agressivo;44.81;54.38
id0014122;Agressivo;Agressivo;46.17;
id0014123;Agressivo;Moderado;66.92;46.23
id0014136;Agressivo;Moderado;33.02;69.52
id0014140;Agressivo;Moderado;30.11;
id0014158;Agressivo;Moderado;51.32;37.9
id0014223;Agressivo;Agressivo;70.61;
id0014254;Agressivo;Moderado;56.33;
id0014286;Agressivo;Agressivo;36.52;18.21
id0014309;Agressivo;Agressivo;58.08;63.12
id0014313;Agressivo;Agressivo;46.85;
id0014339;Agressivo;Conservador;62.98;
id0014391;Agressivo;Agressivo;50.96;48.63
id0014392;Agressivo;Conservador;68.95;
id0014394;Agressivo;Moderado;31.38;36.23
id0014464;Agressivo;Agressivo;67.49;28.92
id0014465;Agressivo;Moderado;64.38;56.2
id0014472;Agressivo;Moderado;41.37;49.17
id0014494;Agressivo;Agressivo;56.29;
id0014564;Agressivo;Conservador;47.34;
id0014612;Agressivo;Agressivo;62.3;
id0014654;Agressivo;Agressivo;59.63;
id0014665;Agressivo;Agressivo;36.17;
id0014666;Agressivo;Agressivo;50.31;
id0014667;Agressivo;Conservador;72.44;35.62
id0014720;Agressivo;Moderado;70.71;71.06
id0014726;Agressivo;Agressivo;45.76;
id0014771;Agressivo;Moderado;51.56;22.48
id0014784;Agressivo;Agressivo;63.74;
id0014860;Agressivo;Agressivo;52.13;
id0014866;Agressivo;Agressivo;50.43;
id0014903;Agressivo;Moderado;71.92;
id0014982;Agressivo;Agressivo;29.44;38.24
id0015011;Agressivo;Moderado;58.05;42.36
id0015027;Agressivo;Agressivo;55.9;
id0015045;Agressivo;Agressivo;61.17;
id0015056;Agressivo;Conservador;70.83;60.18
id0015076;Agressivo;Moderado;50.49;44.45
id0015090;Agressivo;Agressivo;66.83;30.12
id0015093;Agressivo;Conservador;36.5;26.25
id0015099;Agressivo;Agressivo;43.6;
id0015124;Agressivo;Agressivo;51.56;
id0015131;Agressivo;Moderado;55.94;
id0015204;Agressivo;Moderado;75.76;32.85
id0015239;Agressivo;Conservador;54.37;34.41
id0015266;Agressivo;Conservador;47.43;29.35
id0015311;Agressivo;Conservador;26.5;
id0015356;Agressivo;Agressivo;45.47;36.23
id0015360;Agressivo;Conservador;40.8;36.12
id0015439;Agressivo;Agressivo;45.71;54.58
id0015456;Agressivo;Conservador;57.48;
id0015463;Agressivo;Moderado;61.53;57.65
id0015488;Agressivo;Agressivo;64.08;
id0015592;Agressivo;Agressivo;61.83;58.77
id0015612;Agressivo;Agressivo;56.74;
id0015653;Agressivo;Agressivo;40.52;
id0015664;Agressivo;Agressivo;52.9;
id0015692;Agressivo;Agressivo;56.31;
id0015756;Agressivo;Agressivo;71.55;57.22
id0015767;Agressivo;Conservador;33.99;54.25
id0015777;Agressivo;Conservador;52.02;16.35
id0015826;Agressivo;Conservador;41.03;63.09
id0015827;Agressivo;Moderado;47.23;
id0015851;Agressivo;Moderado;36.21;53.8
id0015853;Agressivo;Moderado;42.29;64.99
id0015888;Agressivo;Moderado;66.17;42.66
id0015914;Agressivo;Conservador;48.68;46.33
id0015931;Agressivo;Moderado;59.18;45.59
id0015948;Agressivo;Agressivo;11.88;
id0015953;Agressivo;Agressivo;31.71;
id0015983;Agressivo;Agressivo;40.12;
id0015987;Agressivo;Agressivo;34.48;
id0015989;Agressivo;Moderado;27.5;
id0015990;Agressivo;Agressivo;54.33;
id0016002;Agressivo;Agressivo;71.16;
id0016013;Agressivo;Agressivo;74.35;
id0016022;Agressivo;Moderado;52.83;40.71
id0016025;Agressivo;Conservador;39.59;65.79
id0016037;Agressivo;Agressivo;30.25;
id0016038;Agressivo;Conservador;40.09;
id0016053;Agressivo;Moderado;60.29;49.82
id0016058;Agressivo;Conservador;34.79;61.29
id0016096;Agressivo;Agressivo;66.49;39.96
id0016171;Agressivo;Conservador;43.15;
id0016183;Agressivo;Conservador;38.77;
id0016247;Agressivo;Moderado;70.39;50.94
id0016275;Agressivo;Agressivo;66.35;34.55
id0016308;Agressivo;Agressivo;40.39;
id0016338;Agressivo;Conservador;61.44;53.39
id0016375;Agressivo;Moderado;25.51;
id0016388;Agressivo;Agressivo;53.48;30.19
id0016408;Agressivo;Conservador;42.69;64.31
id0016415;Agressivo;Moderado;45.76;61.09
id0016453;Agressivo;Agressivo;51.17;44.47
id0016468;Agressivo;Conservador;60.49;48.47
id0016508;Agressivo;Moderado;33.82;77.74
id0016546;Agressivo;Agressivo;62.64;38.73
id0016598;Agressivo;Moderado;40.03;69.4
id0016604;Agressivo;Moderado;44.85;36.28
id0016622;Agressivo;Agressivo;60.19;59.09
id0016632;Agressivo;Agressivo;37.24;
id0016650;Agressivo;Agressivo;59.85;
id0016657;Agressivo;Moderado;45.34;40.22
id0016669;Agressivo;Agressivo;62.04;43.28
id0016736;Agressivo;Moderado;60.55;38.3
id0016759;Agressivo;Agressivo;61.86;51.19
id0016793;Agressivo;Agressivo;59.32;
id0016797;Agressivo;Agressivo;59.6;
id0016831;Agressivo;Agressivo;57.6;
id0016847;Agressivo;Agressivo;57.46;
id0016863;Agressivo;Moderado;41.92;
id0016915;Agressivo;Agressivo;48.1;
id0016922;Agressivo;Agressivo;26.92;
id0016924;Agressivo;Agressivo;50.1;
id0016943;Agressivo;Conservador;37.58;
id0016947;Agressivo;Moderado;25.92;61.75
id0016955;Agressivo;Moderado;49.61;28.56
id0017000;Agressivo;Agressivo;20.5;
id0017001;Agressivo;Moderado;48.36;56.69
id0017009;Agressivo;Moderado;69.58;
id0017011;Agressivo;Moderado;59.74;
id0017022;Agressivo;Conservador;56.13;
id0017049;Agressivo;Moderado;68.9;
id0017051;Agressivo;Agressivo;56.09;
id0017054;Agressivo;Agressivo;33.45;
id0017058;Agressivo;Moderado;37.35;69.11
id0017121;Agressivo;Conservador;52.04;55.66
id0017137;Agressivo;Conservador;36.93;41.21
id0017218;Agressivo;Moderado;27.63;43.51
id0017247;Agressivo;Moderado;59.37;
id0017289;Agressivo;Agressivo;51.41;
id0017297;Agressivo;Moderado;34.88;
id0017333;Agressivo;Moderado;57.22;
id0017344;Agressivo;Moderado;44.91;47.26
id0017356;Agressivo;Agressivo;45.4;57.95
id0017369;Agressivo;Conservador;50.52;54.32
id0017427;Agressivo;Conservador;71.63;
id0017435;Agressivo;Moderado;27.55;
id0017488;Agressivo;Agressivo;70.98;
id0017509;Agressivo;Conservador;21.03;35.01
id0017613;Agressivo;Agressivo;63.16;
id0017638;Agressivo;Conservador;32.25;42.09
id0017671;Agressivo;Moderado;65.38;
id0017696;Agressivo;Agressivo;36.66;64.46
id0017697;Agressivo;Conservador;75.28;
id0017717;Agressivo;Conservador;53.95;53.8
id0017750;Agressivo;Moderado;58.86;9.92
id0017751;Agressivo;Moderado;19.11;48.46
id0017758;Agressivo;Agressivo;47.45;
id0017778;Agressivo;Conservador;55.64;64.18
id0017792;Agressivo;Moderado;47.68;38.67
id0017811;Agressivo;Agressivo;53.79;
id0017815;Agressivo;Agressivo;53.17;32.25
id0017887;Agressivo;Conservador;51.31;
id0017905;Agressivo;Agressivo;84.63;34.58
id0017911;Agressivo;Conservador;53.29;64.81
id0017935;Agressivo;Moderado;42.31;39.59
id0017960;Agressivo;Agressivo;53.77;
id0017966;Agressivo;Conservador;62.57;32.65
id0017971;Agressivo;Moderado;31.05;
id0017978;Agressivo;Agressivo;49.38;34.95
id0017979;Agressivo;Agressivo;52.67;62.86
id0017992;Agressivo;Moderado;64.16;
id0017997;Agressivo;Agressivo;47.03;47.64
id0018013;Agressivo;Agressivo;52.23;
id0018023;Agressivo;Moderado;53.52;48.05
id0018030;Agressivo;Agressivo;46.5;
id0018080;Agressivo;Moderado;47.28;
id0018105;Agressivo;Agressivo;66.2;51.06
id0018125;Agressivo;Agressivo;69.75;63.41
id0018147;Agressivo;Conservador;36.66;53.57
id0018155;Agressivo;Agressivo;59.33;54.44
id0018184;Agressivo;Agressivo;56.32;
id0018211;Agressivo;Agressivo;63.97;
id0018220;Agressivo;Moderado;50.29;39.84
id0018231;Agressivo;Agressivo;49.99;
id0018268;Agressivo;Agressivo;68.99;
id0018298;Agressivo;Agressivo;69.12;
id0018332;Agressivo;Conservador;14.91;
id0018337;Agressivo;Moderado;32.79;68.93
id0018401;Agressivo;Conservador;46.03;50.97
id0018427;Agressivo;Conservador;60.06;28.09
id0018460;Agressivo;Agressivo;58.49;56.6
id0018472;Agressivo;Moderado;58.97;
id0018475;Agressivo;Agressivo;34.78;
id0018568;Agressivo;Agressivo;61.32;
id0018571;Agressivo;Agressivo;44.49;37.94
id0018579;Agressivo;Agressivo;47.92;
id0018588;Agressivo;Moderado;62.02;54.72
id0018648;Agressivo;Agressivo;60.4;63.82
id0018696;Agressivo;Moderado;37.29;38.86
id0018698;Agressivo;Moderado;32.98;
id0018734;Agressivo;Moderado;29.98;29.82
id0018744;Agressivo;Agressivo;46.54;51.95
id0018783;Agressivo;Agressivo;58.41;
id0018790;Agressivo;Agressivo;52.75;
id0018808;Agressivo;Moderado;65.93;87.05
id0018810;Agressivo;Agressivo;38.75;
id0018849;Agressivo;Agressivo;55.34;
id0018871;Agressivo;Moderado;60.96;
id0018878;Agressivo;Agressivo;34.66;60.38
id0018886;Agressivo;Agressivo;43.15;
id0018887;Agressivo;Agressivo;45.97;50.51
id0018888;Agressivo;Moderado;38.85;
id0018905;Agressivo;Moderado;43.34;
id0018913;Agressivo;Agressivo;33.26;
id0018916;Agressivo;Agressivo;34.23;41.37
id0018922;Agressivo;Agressivo;54.47;
id0019015;Agressivo;Conservador;22.17;
id0019026;Agressivo;Conservador;72.06;
id0019028;Agressivo;Conservador;74.1;
id0019029;Agressivo;Conservador;47.26;
id0019062;Agressivo;Conservador;62.9;52.34
id0019084;Agressivo;Agressivo;51.46;
id0019138;Agressivo;Moderado;26.1;25.29
id0019140;Agressivo;Moderado;16.13;
id0019156;Agressivo;Moderado;56.81;
id0019157;Agressivo;Conservador;48.79;38.99
id0019162;Agressivo;Conservador;38.47;43.37
id0019181;Agressivo;Moderado;22.37;
id0019216;Agressivo;Moderado;32.25;79.07
id0019238;Agressivo;Agressivo;68.03;
id0019242;Agressivo;Agressivo;60.8;
id0019272;Agressivo;Moderado;40.68;52.44
id0019273;Agressivo;Conservador;41.51;41.91
id0019372;Agressivo;Moderado;46.01;
id0019416;Agressivo;Agressivo;44.77;
id0019427;Agressivo;Agressivo;48.34;50.13
id0019436;Agressivo;Moderado;32.32;25.97
id0019487;Agressivo;Agressivo;53.67;
id0019490;Agressivo;Conservador;53.27;57.12
id0019497;Agressivo;Moderado;56.36;
id0019508;Agressivo;Conservador;38.41;
id0019510;Agressivo;Conservador;49.19;54.2
id0019534;Agressivo;Moderado;62.54;75.85
id0019537;Agressivo;Conservador;61.0;
id0019552;Agressivo;Agressivo;47.71;
id0019569;Agressivo;Agressivo;66.52;27.48
id0019575;Agressivo;Moderado;48.54;43.23
id0019594;Agressivo;Moderado;46.32;
id0019635;Agressivo;Agressivo;40.89;60.65
id0019636;Agressivo;Moderado;62.5;
id0019651;Agressivo;Moderado;36.87;45.1
id0019674;Agressivo;Moderado;37.53;42.81
id0019785;Agressivo;Agressivo;33.73;
id0019788;Agressivo;Conservador;49.47;
id0019803;Agressivo;Conservador;46.22;
id0019870;Agressivo;Agressivo;35.67;
id0019880;Agressivo;Agressivo;66.28;
id0019881;Agressivo;Conservador;52.54;
id0019921;Agressivo;Conservador;63.18;
id0019969;Agressivo;Conservador;55.11;57.82
id0019998;Agressivo;Agressivo;34.2;
id0019999;Agressivo;Agressivo;61.46;
id0020005;Agressivo;Agressivo;58.47;32.72
id0020020;Agressivo;Agressivo;52.93;57.75
id0020067;Agressivo;Moderado;56.84;56.78
id0020070;Agressivo;Agressivo;43.76;
id0020094;Agressivo;Conservador;47.76;59.61
id0020110;Agressivo;Agressivo;35.35;51.02
id0020152;Agressivo;Agressivo;35.0;56.52
id0020162;Agressivo;Conservador;40.43;
id0020170;Agressivo;Agressivo;45.61;
id0020187;Agressivo;Moderado;52.89;
id0020193;Agressivo;Agressivo;45.11;
id0020198;Agressivo;Conservador;78.86;
id0020205;Agressivo;Conservador;64.8;
id0020245;Agressivo;Agressivo;31.53;
id0020264;Agressivo;Agressivo;67.65;
id0020270;Agressivo;Conservador;47.17;47.1
id0020274;Agressivo;Moderado;54.91;65.84
id0020307;Agressivo;Conservador;42.29;
id0020384;Agressivo;Agressivo;46.38;
id0020466;Agressivo;Agressivo;60.2;56.93
id0020528;Agressivo;Conservador;33.3;
id0020534;Agressivo;Moderado;37.35;50.11
id0020599;Agressivo;Conservador;53.72;
id0020636;Agressivo;Conservador;57.87;
id0020642;Agressivo;Agressivo;43.01;
id0020666;Agressivo;Agressivo;43.8;56.0
id0020685;Agressivo;Moderado;46.61;
id0020714;Agressivo;Agressivo;52.59;
id0020722;Agressivo;Agressivo;51.63;
id0020734;Agressivo;Moderado;26.26;66.16
id0020743;Agressivo;Conservador;37.94;64.63
id0020744;Agressivo;Moderado;61.99;37.75
id0020767;Agressivo;Agressivo;57.61;34.25
id0020808;Agressivo;Conservador;57.06;
id0020815;Agressivo;Moderado;53.63;62.06
id0020821;Agressivo;Moderado;46.95;60.59
id0020859;Agressivo;Agressivo;40.52;
id0020888;Agressivo;Agressivo;46.02;
id0020900;Agressivo;Conservador;39.64;59.98
id0020948;Agressivo;Moderado;67.1;57.6
id0020959;Agressivo;Conservador;59.36;
id0020982;Agressivo;Conservador;63.51;65.03
id0021001;Agressivo;Conservador;60.87;
id0021008;Agressivo;Agressivo;51.88;
id0021015;Agressivo;Agressivo;46.78;
id0021031;Agressivo;Moderado;64.68;58.32
id0021122;Agressivo;Moderado;67.36;
id0021184;Agressivo;Agressivo;49.47;
id0021188;Agressivo;Agressivo;51.44;
id0021213;Agressivo;Agressivo;51.13;50.96
id0021244;Agressivo;Moderado;47.21;52.17
id0021342;Agressivo;Agressivo;44.24;
id0021360;Agressivo;Moderado;52.03;26.08
id0021378;Agressivo;Conservador;36.72;
id0021381;Agressivo;Conservador;30.81;47.58
id0021453;Agressivo;Agressivo;44.43;
id0021467;Agressivo;Conservador;76.57;
id0021481;Agressivo;Moderado;61.08;37.1
id0021483;Agressivo;Agressivo;56.46;
id0021516;Agressivo;Conservador;59.06;49.91
id0021530;Agressivo;Agressivo;44.27;40.38
id0021537;Agressivo;Agressivo;49.87;
id0021545;Agressivo;Conservador;67.23;52.88
id0021551;Agressivo;Agressivo;55.27;
id0021596;Agressivo;Moderado;59.37;31.14
id0021650;Agressivo;Moderado;36.3;
id0021676;Agressivo;Agressivo;27.08;69.29
id0021691;Agressivo;Conservador;62.46;61.18
id0021730;Agressivo;Agressivo;42.58;
id0021745;Agressivo;Conservador;71.08;
id0021769;Agressivo;Agressivo;49.91;
id0021772;Agressivo;Agressivo;26.58;
id0021844;Agressivo;Agressivo;56.26;38.78
id0021862;Agressivo;Conservador;45.13;50.95
id0021884;Agressivo;Conservador;60.58;
id0021942;Agressivo;Conservador;37.78;
id0021947;Agressivo;Agressivo;28.57;39.79
id0021970;Agressivo;Agressivo;85.17;
id0021979;Agressivo;Agressivo;41.47;
id0021995;Agressivo;Conservador;48.61;47.6
id0021996;Agressivo;Agressivo;72.05;45.09
id0022030;Agressivo;Moderado;74.05;
id0022033;Agressivo;Agressivo;59.11;
id0022051;Agressivo;Moderado;37.52;32.6
id0022056;Agressivo;Agressivo;43.2;
id0022066;Agressivo;Conservador;47.6;69.59
id0022099;Agressivo;Agressivo;47.21;30.04
id0022111;Agressivo;Agressivo;44.2;
id0022128;Agressivo;Agressivo;75.0;
id0022149;Agressivo;Conservador;42.29;
id0022167;Agressivo;Moderado;58.89;
id0022172;Agressivo;Agressivo;72.85;54.21
id0022175;Agressivo;Agressivo;46.15;
id0022209;Agressivo;Moderado;36.87;51.46
id0022245;Agressivo;Agressivo;41.18;
id0022253;Agressivo;Conservador;61.41;
id0022259;Agressivo;Moderado;55.57;
id0022292;Agressivo;Conservador;42.28;59.46
id0022375;Agressivo;Agressivo;62.11;50.24
id0022397;Agressivo;Agressivo;67.69;
id0022464;Agressivo;Moderado;34.75;50.53
id0022482;Agressivo;Agressivo;56.4;
id0022579;Agressivo;Moderado;30.59;57.98
id0022597;Agressivo;Conservador;54.56;
id0022608;Agressivo;Moderado;49.52;
id0022656;Agressivo;Moderado;38.03;
id0022699;Agressivo;Agressivo;60.75;
id0022706;Agressivo;Agressivo;40.98;
id0022736;Agressivo;Conservador;57.13;60.51
id0022761;Agressivo;Moderado;58.66;
id0022800;Agressivo;Conservador;40.07;
id0022818;Agressivo;Agressivo;54.92;
id0022825;Agressivo;Moderado;50.17;
id0022846;Agressivo;Agressivo;47.31;
id0022892;Agressivo;Agressivo;48.58;
id0022896;Agressivo;Conservador;41.26;
id0022924;Agressivo;Conservador;63.92;
id0022928;Agressivo;Moderado;33.42;
id0022938;Agressivo;Agressivo;55.9;
id0022961;Agressivo;Moderado;57.79;
id0022969;Agressivo;Agressivo;42.46;
id0022986;Agressivo;Moderado;52.89;67.6
id0023013;Agressivo;Conservador;37.29;26.98
id0023027;Agressivo;Moderado;63.03;37.78
id0023029;Agressivo;Conservador;40.47;43.79
id0023057;Agressivo;Agressivo;18.88;
id0023064;Agressivo;Agressivo;76.52;
id0023070;Agressivo;Agressivo;22.34;
id0023122;Agressivo;Moderado;54.21;35.72
id0023142;Agressivo;Agressivo;23.45;
id0023147;Agressivo;Moderado;48.07;64.45
id0023190;Agressivo;Conservador;49.25;64.3
id0023195;Agressivo;Moderado;47.2;49.29
id0023244;Agressivo;Agressivo;43.81;
id0023248;Agressivo;Agressivo;43.28;
id0023276;Agressivo;Conservador;58.53;52.18
id0023317;Agressivo;Moderado;38.76;59.22
id0023325;Agressivo;Agressivo;31.32;
id0023345;Agressivo;Agressivo;54.44;
id0023349;Agressivo;Agressivo;61.02;
id0023440;Agressivo;Moderado;65.47;49.14
id0023459;Agressivo;Agressivo;47.69;
id0023470;Agressivo;Conservador;25.99;
id0023482;Agressivo;Conservador;42.95;53.09
id0023493;Agressivo;Agressivo;46.75;47.1
id0023527;Agressivo;Moderado;55.43;
id0023540;Agressivo;Agressivo;38.73;45.29
id0023548;Agressivo;Moderado;56.77;
id0023595;Agressivo;Agressivo;61.68;
id0023634;Agressivo;Agressivo;40.89;25.64
id0023644;Agressivo;Moderado;37.88;59.69
id0023646;Agressivo;Agressivo;26.57;
id0023659;Agressivo;Conservador;49.18;55.54
id0023713;Agressivo;Conservador;45.84;62.11
id0023755;Agressivo;Conservador;78.79;
id0023762;Agressivo;Agressivo;63.93;
id0023763;Agressivo;Conservador;66.17;51.52
id0023817;Agressivo;Conservador;41.88;
id0023841;Agressivo;Moderado;38.65;60.42
id0023857;Agressivo;Moderado;69.06;
id0023901;Agressivo;Conservador;52.36;58.87
id0023946;Agressivo;Conservador;64.47;46.96
id0023952;Agressivo;Agressivo;33.53;
id0023982;Agressivo;Agressivo;64.76;52.0
id0023992;Agressivo;Agressivo;52.91;38.4
id0023993;Agressivo;Agressivo;44.1;
id0024012;Agressivo;Conservador;44.42;
id0024015;Agressivo;Moderado;61.6;57.78
id0024049;Agressivo;Agressivo;42.3;47.74
id0024082;Agressivo;Agressivo;35.75;
id0024090;Agressivo;Moderado;48.63;
id0024092;Agressivo;Moderado;61.0;
id0024102;Agressivo;Agressivo;71.31;59.72
id0024148;Agressivo;Conservador;43.46;53.86
id0024157;Agressivo;Moderado;54.28;27.86
id0024160;Agressivo;Moderado;61.6;
id0024169;Agressivo;Agressivo;41.63;53.67
id0024211;Agressivo;Moderado;49.6;
id0024214;Agressivo;Agressivo;51.47;
id0024217;Agressivo;Agressivo;64.91;
id0024235;Agressivo;Agressivo;42.29;
id0024236;Agressivo;Conservador;50.21;46.3
id0024305;Agressivo;Agressivo;52.55;
id0024357;Agressivo;Agressivo;34.54;
id0024394;Agressivo;Conservador;50.28;
id0024448;Agressivo;Agressivo;57.26;
id0024477;Agressivo;Agressivo;48.8;
id0024482;Agressivo;Agressivo;71.82;
id0024488;Agressivo;Conservador;59.42;35.25
id0024491;Agressivo;Agressivo;41.98;
id0024561;Agressivo;Agressivo;73.5;
id0024577;Agressivo;Moderado;61.21;23.0
id0024596;Agressivo;Agressivo;57.19;
id0024604;Agressivo;Agressivo;27.66;
id0024618;Agressivo;Moderado;40.08;53.16
id0024619;Agressivo;Agressivo;29.51;50.37
id0024628;Agressivo;Agressivo;35.6;
id0024708;Agressivo;Agressivo;66.89;
id0024726;Agressivo;Agressivo;29.17;51.15
id0024783;Agressivo;Conservador;61.55;56.3
id0024788;Agressivo;Conservador;58.97;
id0024793;Agressivo;Agressivo;37.97;
id0024811;Agressivo;Agressivo;47.1;
id0024834;Agressivo;Moderado;36.5;46.57
id0024872;Agressivo;Agressivo;42.98;
id0024875;Agressivo;Conservador;39.71;58.77
id0024886;Agressivo;Agressivo;23.47;
id0024889;Agressivo;Agressivo;65.23;
id0024958;Agressivo;Agressivo;50.99;44.53
id0024967;Agressivo;Conservador;59.32;39.89
id0024971;Agressivo;Conservador;45.98;
id0025028;Agressivo;Moderado;34.28;
id0025054;Agressivo;Agressivo;68.18;61.42
id0025071;Agressivo;Moderado;44.85;30.51
id0025114;Agressivo;Agressivo;62.64;53.94
id0025125;Agressivo;Conservador;53.17;36.39
id0025129;Agressivo;Agressivo;58.53;
id0025138;Agressivo;Moderado;56.42;32.97
id0025162;Agressivo;Moderado;34.21;23.35
id0025173;Agressivo;Moderado;43.01;
id0025273;Agressivo;Agressivo;70.88;42.18
id0025287;Agressivo;Agressivo;41.98;
id0025303;Agressivo;Moderado;31.59;
id0025317;Agressivo;Moderado;63.0;
id0025365;Agressivo;Moderado;56.65;51.97
id0025408;Agressivo;Agressivo;35.07;
id0025420;Agressivo;Moderado;39.05;
id0025459;Agressivo;Moderado;40.84;
id0025468;Agressivo;Agressivo;43.21;
id0025492;Agressivo;Moderado;26.32;51.84
id0025514;Agressivo;Conservador;52.78;32.34
id0025518;Agressivo;Agressivo;51.07;56.28
id0025522;Agressivo;Agressivo;24.53;61.06
id0025529;Agressivo;Moderado;36.33;
id0025550;Agressivo;Agressivo;36.78;
id0025590;Agressivo;Agressivo;16.93;
id0025613;Agressivo;Moderado;48.17;46.19
id0025640;Agressivo;Conservador;52.64;
id0025660;Agressivo;Agressivo;73.56;
id0025670;Agressivo;Agressivo;68.39;
id0025690;Agressivo;Moderado;59.41;47.65
id0025744;Agressivo;Moderado;63.54;73.03
id0025790;Agressivo;Agressivo;44.62;41.12
id0025797;Agressivo;Moderado;41.39;45.79
id0025823;Agressivo;Agressivo;32.57;
id0025836;Agressivo;Agressivo;37.42;71.75
id0025853;Agressivo;Agressivo;41.69;
id0025858;Agressivo;Moderado;59.29;44.45
id0025873;Agressivo;Conservador;65.98;53.44
id0025875;Agressivo;Agressivo;49.78;
id0025878;Agressivo;Agressivo;70.12;
id0025895;Agressivo;Agressivo;63.95;
id0025908;Agressivo;Moderado;40.53;
id0025919;Agressivo;Agressivo;24.16;
id0025954;Agressivo;Agressivo;52.36;
id0025973;Agressivo;Conservador;40.59;31.62
id0025975;Agressivo;Agressivo;58.29;
id0025985;Agressivo;Conservador;39.84;56.68
id0025990;Agressivo;Agressivo;43.99;32.7
id0026009;Agressivo;Moderado;57.59;42.54
id0026018;Agressivo;Conservador;38.6;
id0026059;Agressivo;Agressivo;67.67;
id0026064;Agressivo;Conservador;32.18;48.14
id0026072;Agressivo;Conservador;73.33;
id0026089;Agressivo;Agressivo;53.01;
id0026095;Agressivo;Agressivo;33.38;
id0026115;Agressivo;Moderado;37.08;60.9
id0026118;Agressivo;Agressivo;31.74;65.66
id0026131;Agressivo;Moderado;38.53;50.31
id0026132;Agressivo;Conservador;47.15;
id0026136;Agressivo;Moderado;56.25;
id0026139;Agressivo;Agressivo;73.75;
id0026153;Agressivo;Agressivo;29.34;
id0026169;Agressivo;Agressivo;50.18;
id0026175;Agressivo;Conservador;27.91;63.79
id0026177;Agressivo;Agressivo;73.48;
id0026197;Agressivo;Agressivo;55.41;
id0026225;Agressivo;Moderado;72.15;
id0026233;Agressivo;Agressivo;54.22;
id0026251;Agressivo;Moderado;42.54;
id0026286;Agressivo;Conservador;35.73;
id0026287;Agressivo;Agressivo;65.18;38.48
id0026311;Agressivo;Conservador;67.95;71.59
id0026326;Agressivo;Moderado;31.75;
id0026373;Agressivo;Moderado;62.7;51.5
id0026393;Agressivo;Agressivo;48.19;
id0026399;Agressivo;Agressivo;23.76;
id0026404;Agressivo;Agressivo;58.99;
id0026451;Agressivo;Agressivo;35.99;
id0026476;Agressivo;Moderado;49.06;43.2
id0026477;Agressivo;Moderado;28.87;45.12
id0026493;Agressivo;Conservador;42.75;
id0026499;Agressivo;Conservador;45.72;60.1
id0026510;Agressivo;Agressivo;62.14;
id0026538;Agressivo;Conservador;53.05;34.81
id0026560;Agressivo;Moderado;38.86;48.03
id0026567;Agressivo;Conservador;66.95;67.54
id0026612;Agressivo;Moderado;65.09;37.15
id0026681;Agressivo;Agressivo;43.91;
id0026683;Agressivo;Agressivo;61.42;
id0026715;Agressivo;Moderado;60.77;50.32
id0026740;Agressivo;Agressivo;40.71;45.74
id0026755;Agressivo;Moderado;30.28;
id0026776;Agressivo;Agressivo;49.67;
id0026807;Agressivo;Conservador;46.25;55.74
id0026811;Agressivo;Conservador;21.54;50.16
id0026844;Agressivo;Agressivo;34.6;
id0026858;Agressivo;Conservador;27.18;
id0026892;Agressivo;Conservador;33.21;64.85
id0026960;Agressivo;Agressivo;59.37;
id0027005;Agressivo;Conservador;48.0;44.05
id0027027;Agressivo;Agressivo;41.89;
id0027055;Agressivo;Conservador;38.53;75.43
id0027069;Agressivo;Agressivo;75.8;23.3
id0027085;Agressivo;Agressivo;65.64;
id0027100;Agressivo;Agressivo;60.52;
id0027142;Agressivo;Moderado;67.95;63.85
id0027174;Agressivo;Moderado;26.37;
id0027180;Agressivo;Conservador;72.17;46.43
id0027183;Agressivo;Agressivo;35.05;
id0027200;Agressivo;Agressivo;37.67;56.19
id0027225;Agressivo;Agressivo;32.38;
id0027261;Agressivo;Moderado;54.8;53.69
id0027264;Agressivo;Conservador;68.44;76.35
id0027266;Agressivo;Conservador;73.46;
id0027289;Agressivo;Conservador;59.43;56.91
id0027299;Agressivo;Agressivo;31.2;
id0027322;Agressivo;Agressivo;38.31;
id0027333;Agressivo;Agressivo;62.3;
id0027346;Agressivo;Agressivo;44.45;
id0027350;Agressivo;Agressivo;43.79;59.88
id0027390;Agressivo;Conservador;58.28;53.7
id0027417;Agressivo;Agressivo;35.84;37.91
id0027418;Agressivo;Agressivo;72.18;
id0027472;Agressivo;Agressivo;64.18;
id0027475;Agressivo;Agressivo;34.59;44.23
id0027528;Agressivo;Agressivo;48.16;
id0027539;Agressivo;Conservador;52.12;
id0027560;Agressivo;Agressivo;52.36;45.77
id0027567;Agressivo;Agressivo;54.07;
id0027628;Agressivo;Agressivo;32.57;54.47
id0027693;Agressivo;Moderado;46.26;41.49
id0027695;Agressivo;Moderado;63.12;
id0027724;Agressivo;Agressivo;37.15;
id0027771;Agressivo;Moderado;47.62;41.8
id0027786;Agressivo;Agressivo;47.97;
id0027790;Agressivo;Conservador;67.71;52.55
id0027792;Agressivo;Conservador;63.21;
id0027819;Agressivo;Agressivo;33.13;58.49
id0027831;Agressivo;Moderado;40.11;60.78
id0027851;Agressivo;Conservador;47.94;48.19
id0027967;Agressivo;Agressivo;36.34;
id0027977;Agressivo;Moderado;53.26;60.78
id0027988;Agressivo;Conservador;49.54;20.97
id0027993;Agressivo;Agressivo;56.27;
id0028041;Agressivo;Conservador;34.13;77.47
id0028073;Agressivo;Conservador;60.87;39.99
id0028102;Agressivo;Moderado;69.59;78.0
id0028126;Agressivo;Agressivo;41.75;
id0028133;Agressivo;Conservador;43.1;52.93
id0028163;Agressivo;Agressivo;30.98;
id0028211;Agressivo;Moderado;31.14;72.5
id0028228;Agressivo;Conservador;63.16;
id0028250;Agressivo;Agressivo;63.45;69.14
id0028332;Agressivo;Conservador;45.49;
id0028353;Agressivo;Agressivo;46.96;
id0028492;Agressivo;Moderado;45.26;52.5
id0028527;Agressivo;Agressivo;54.11;
id0028573;Agressivo;Moderado;50.61;83.34
id0028580;Agressivo;Agressivo;38.72;
id0028595;Agressivo;Moderado;45.99;56.75
id0028639;Agressivo;Agressivo;56.63;
id0028662;Agressivo;Agressivo;46.71;
id0028682;Agressivo;Agressivo;44.85;
id0028702;Agressivo;Conservador;42.6;
id0028707;Agressivo;Conservador;34.2;54.75
id0028713;Agressivo;Agressivo;62.2;
id0028718;Agressivo;Agressivo;66.6;
id0028720;Agressivo;Conservador;56.57;26.68
id0028734;Agressivo;Agressivo;57.42;38.56
id0028772;Agressivo;Agressivo;56.22;
id0028774;Agressivo;Conservador;38.62;54.3
id0028793;Agressivo;Conservador;39.59;
id0028804;Agressivo;Agressivo;22.67;
id0028839;Agressivo;Conservador;30.45;
id0028880;Agressivo;Conservador;59.68;
id0028923;Agressivo;Agressivo;56.39;
id0028936;Agressivo;Moderado;70.18;60.99
id0028961;Agressivo;Agressivo;58.18;
id0029012;Agressivo;Agressivo;36.54;
id0029046;Agressivo;Moderado;49.01;42.42
id0029081;Agressivo;Agressivo;42.45;68.78
id0029093;Agressivo;Agressivo;30.87;
id0029113;Agressivo;Agressivo;44.22;39.64
id0029178;Agressivo;Agressivo;53.29;
id0029217;Agressivo;Agressivo;58.44;47.2
id0029237;Agressivo;Moderado;53.87;
id0029267;Agressivo;Conservador;47.97;48.89
id0029301;Agressivo;Agressivo;44.1;52.23
id0029307;Agressivo;Moderado;59.15;
id0029385;Agressivo;Agressivo;40.79;82.82
id0029395;Agressivo;Agressivo;41.36;
id0029421;Agressivo;Moderado;38.66;40.4
id0029439;Agressivo;Agressivo;31.7;61.01
id0029450;Agressivo;Agressivo;42.16;49.86
id0029498;Agressivo;Agressivo;53.94;48.86
id0029506;Agressivo;Moderado;64.94;65.49
id0029546;Agressivo;Moderado;66.34;
id0029604;Agressivo;Agressivo;53.29;
id0029731;Agressivo;Moderado;70.5;58.09
id0029752;Agressivo;Moderado;57.89;
id0029753;Agressivo;Conservador;53.05;58.76
id0029779;Agressivo;Moderado;53.47;38.79
id0029789;Agressivo;Agressivo;38.71;30.61
id0029814;Agressivo;Moderado;55.07;46.95
id0029886;Agressivo;Moderado;67.1;32.75
id0029900;Agressivo;Conservador;59.1;62.49
id0029905;Agressivo;Moderado;73.3;
id0029933;Agressivo;Conservador;47.53;32.04
id0029941;Agressivo;Agressivo;37.24;43.74
id0029945;Agressivo;Moderado;65.93;55.8
id0029964;Agressivo;Conservador;68.6;53.69
id0029984;Agressivo;Agressivo;41.72;
id0030005;Agressivo;Moderado;60.41;72.49
id0030010;Agressivo;Agressivo;38.77;
id0030013;Agressivo;Agressivo;48.87;
id0030029;Agressivo;Agressivo;51.57;
id0030031;Agressivo;Agressivo;52.13;45.59
id0030066;Agressivo;Conservador;52.89;
id0030110;Agressivo;Conservador;52.27;49.05
id0030128;Agressivo;Conservador;77.51;45.24
id0030152;Agressivo;Conservador;68.71;52.12
id0030155;Agressivo;Conservador;31.19;58.63
id0030193;Agressivo;Conservador;16.51;82.8
id0030216;Agressivo;Agressivo;33.23;46.77
id0030237;Agressivo;Agressivo;62.48;
id0030242;Agressivo;Moderado;56.79;
id0030256;Agressivo;Agressivo;40.34;42.83
id0030264;Agressivo;Conservador;42.87;
id0030289;Agressivo;Agressivo;48.54;
id0030310;Agressivo;Agressivo;51.05;
id0030346;Agressivo;Conservador;57.55;
id0030400;Agressivo;Agressivo;52.42;37.18
id0030404;Agressivo;Moderado;51.48;47.97
id0030482;Agressivo;Agressivo;69.46;
id0030515;Agressivo;Moderado;47.84;35.7
id0030516;Agressivo;Moderado;50.68;
id0030538;Agressivo;Moderado;61.75;46.79
id0030561;Agressivo;Agressivo;66.85;
id0030608;Agressivo;Agressivo;50.85;67.42
id0030679;Agressivo;Moderado;65.39;41.94
id0030680;Agressivo;Moderado;44.29;
id0030729;Agressivo;Conservador;47.05;50.04
id0030753;Agressivo;Agressivo;63.74;
id0030754;Agressivo;Agressivo;51.33;
id0030756;Agressivo;Agressivo;41.06;
id0030759;Agressivo;Conservador;55.68;45.58
id0030767;Agressivo;Agressivo;28.66;
id0030784;Agressivo;Agressivo;37.6;
id0030821;Agressivo;Agressivo;47.69;
id0030855;Agressivo;Conservador;61.73;62.99
id0030885;Agressivo;Conservador;65.17;
id0030952;Agressivo;Agressivo;34.57;39.76
id0030965;Agressivo;Conservador;55.45;60.64
id0030986;Agressivo;Moderado;64.66;
id0031020;Agressivo;Moderado;56.54;51.08
id0031026;Agressivo;Conservador;51.94;35.91
id0031036;Agressivo;Agressivo;40.3;
id0031049;Agressivo;Agressivo;45.75;46.01
id0031053;Agressivo;Agressivo;59.69;
id0031054;Agressivo;Moderado;34.41;51.71
id0031075;Agressivo;Agressivo;35.94;
id0031085;Agressivo;Moderado;31.21;
id0031102;Agressivo;Moderado;29.18;
id0031155;Agressivo;Conservador;58.26;
id0031185;Agressivo;Conservador;46.06;
id0031214;Agressivo;Moderado;40.44;
id0031228;Agressivo;Agressivo;38.51;54.01
id0031236;Agressivo;Agressivo;56.57;
id0031247;Agressivo;Agressivo;44.79;
id0031285;Agressivo;Moderado;47.8;44.77
id0031309;Agressivo;Conservador;60.03;
id0031326;Agressivo;Conservador;75.28;
id0031344;Agressivo;Agressivo;53.95;63.56
id0031386;Agressivo;Moderado;60.75;39.44
id0031430;Agressivo;Conservador;32.2;
id0031513;Agressivo;Conservador;75.72;
id0031532;Agressivo;Moderado;48.39;
id0031554;Agressivo;Moderado;51.91;
id0031588;Agressivo;Agressivo;57.65;
id0031619;Agressivo;Conservador;48.05;
id0031626;Agressivo;Conservador;69.2;71.37
id0031641;Agressivo;Conservador;45.41;
id0031652;Agressivo;Moderado;43.6;
id0031674;Agressivo;Conservador;57.83;48.85
id0031686;Agressivo;Conservador;60.34;65.85
id0031698;Agressivo;Conservador;47.85;58.95
id0031729;Agressivo;Conservador;45.88;51.03
id0031773;Agressivo;Conservador;43.51;37.94
id0031799;Agressivo;Moderado;69.94;50.11
id0031812;Agressivo;Agressivo;22.79;31.9
id0031823;Agressivo;Agressivo;18.98;
id0031824;Agressivo;Conservador;44.44;
id0031827;Agressivo;Conservador;72.09;41.35
id0031836;Agressivo;Moderado;52.59;56.0
id0031845;Agressivo;Moderado;28.45;
id0031928;Agressivo;Agressivo;48.73;57.47
id0031993;Agressivo;Agressivo;34.45;
id0032006;Agressivo;Moderado;54.86;28.4
id0032051;Agressivo;Conservador;34.68;28.09
id0032077;Agressivo;Conservador;66.1;44.9
id0032087;Agressivo;Agressivo;48.29;72.09
id0032123;Agressivo;Moderado;64.2;77.82
id0032140;Agressivo;Moderado;35.19;
id0032141;Agressivo;Agressivo;55.46;
id0032146;Agressivo;Moderado;50.03;
id0032163;Agressivo;Conservador;73.3;48.28
id0032175;Agressivo;Agressivo;40.3;
id0032228;Agressivo;Conservador;43.6;59.88
id0032235;Agressivo;Agressivo;43.0;
id0032248;Agressivo;Agressivo;49.14;
id0032254;Agressivo;Conservador;46.18;48.29
id0032284;Agressivo;Conservador;22.67;50.61
id0032297;Agressivo;Conservador;38.19;67.12
id0032338;Agressivo;Agressivo;44.89;50.65
id0032442;Agressivo;Agressivo;53.7;34.8
id0032446;Agressivo;Conservador;70.55;26.21
id0032474;Agressivo;Agressivo;42.27;
id0032490;Agressivo;Agressivo;43.41;69.48
id0032499;Agressivo;Agressivo;51.72;54.77
id0032512;Agressivo;Conservador;61.89;
id0032558;Agressivo;Agressivo;70.96;
id0032607;Agressivo;Agressivo;42.88;52.12
id0032608;Agressivo;Agressivo;43.36;
id0032615;Agressivo;Moderado;45.47;
id0032656;Agressivo;Moderado;30.53;46.99
id0032657;Agressivo;Conservador;32.94;
id0032666;Agressivo;Agressivo;21.92;
id0032700;Agressivo;Moderado;62.15;58.81
id0032715;Agressivo;Agressivo;38.85;
id0032717;Agressivo;Agressivo;68.48;40.37
id0032743;Agressivo;Moderado;37.21;57.09
id0032756;Agressivo;Agressivo;46.13;
id0032819;Agressivo;Moderado;49.36;23.31
id0032843;Agressivo;Moderado;60.88;45.96
id0032847;Agressivo;Conservador;49.48;62.1
id0032854;Agressivo;Agressivo;45.66;
id0032922;Agressivo;Moderado;50.0;45.96
id0032926;Agressivo;Conservador;34.8;55.83
id0032931;Agressivo;Conservador;60.89;
id0032970;Agressivo;Conservador;52.12;57.7
id0032992;Agressivo;Agressivo;31.24;39.87
id0033009;Agressivo;Moderado;41.21;42.34
id0033010;Agressivo;Agressivo;76.46;43.16
id0033026;Agressivo;Agressivo;46.37;
id0033064;Agressivo;Agressivo;53.21;
id0033128;Agressivo;Moderado;51.36;29.27
id0033139;Agressivo;Agressivo;75.59;
id0033157;Agressivo;Agressivo;52.28;
id0033200;Agressivo;Moderado;36.94;38.24
id0033227;Agressivo;Agressivo;63.69;40.95
id0033262;Agressivo;Conservador;41.58;
id0033273;Agressivo;Moderado;81.97;34.73
id0033293;Agressivo;Agressivo;54.82;64.81
id0033343;Agressivo;Moderado;31.85;50.01
id0033347;Agressivo;Agressivo;57.12;51.22
id0033377;Agressivo;Agressivo;29.67;
id0033403;Agressivo;Conservador;39.21;51.71
id0033448;Agressivo;Moderado;63.25;60.84
id0033462;Agressivo;Agressivo;34.98;53.93
id0033499;Agressivo;Agressivo;68.66;
id0033522;Agressivo;Agressivo;83.42;
id0033534;Agressivo;Agressivo;35.31;70.75
id0033536;Agressivo;Agressivo;63.26;51.26
id0033540;Agressivo;Moderado;43.28;53.77
id0033586;Agressivo;Conservador;57.92;42.85
id0033606;Agressivo;Agressivo;55.05;67.87
id0033612;Agressivo;Agressivo;46.17;
id0033616;Agressivo;Agressivo;55.01;47.7
id0033683;Agressivo;Conservador;43.15;43.27
id0033713;Agressivo;Agressivo;31.76;
id0033729;Agressivo;Moderado;60.68;
id0033752;Agressivo;Moderado;77.24;40.03
id0033763;Agressivo;Moderado;33.5;52.57
id0033765;Agressivo;Moderado;39.41;43.17
id0033789;Agressivo;Moderado;53.05;49.7
id0033801;Agressivo;Agressivo;46.88;
id0033853;Agressivo;Agressivo;65.3;
id0033863;Agressivo;Agressivo;63.29;
id0033868;Agressivo;Agressivo;61.42;
id0033886;Agressivo;Agressivo;72.82;
id0033904;Agressivo;Moderado;59.42;
id0033954;Agressivo;Moderado;45.95;42.62
id0033974;Agressivo;Conservador;44.7;20.77
id0033976;Agressivo;Agressivo;43.01;
id0033980;Agressivo;Moderado;58.36;67.52
id0033996;Agressivo;Agressivo;35.85;
id0034085;Agressivo;Conservador;32.59;
id0034103;Agressivo;Conservador;60.28;74.84
id0034174;Agressivo;Agressivo;57.22;
id0034179;Agressivo;Agressivo;39.97;
id0034182;Agressivo;Moderado;47.39;55.71
id0034201;Agressivo;Agressivo;68.8;39.02
id0034240;Agressivo;Agressivo;56.17;
id0034258;Agressivo;Agressivo;53.78;
id0034268;Agressivo;Moderado;64.44;
id0034311;Agressivo;Conservador;37.82;
id0034314;Agressivo;Agressivo;47.38;
id0034382;Agressivo;Agressivo;73.69;78.33
id0034412;Agressivo;Moderado;40.76;67.66
id0034424;Agressivo;Moderado;69.28;
id0034499;Agressivo;Agressivo;49.12;
id0034515;Agressivo;Agressivo;28.69;
id0034527;Agressivo;Agressivo;44.84;
id0034538;Agressivo;Agressivo;39.13;45.14
id0034567;Agressivo;Moderado;45.77;47.24
id0034590;Agressivo;Conservador;38.03;77.47
id0034592;Agressivo;Moderado;29.68;61.0
id0034594;Agressivo;Agressivo;19.3;
id0034598;Agressivo;Agressivo;62.89;
id0034622;Agressivo;Agressivo;42.13;
id0034665;Agressivo;Conservador;63.77;
id0034672;Agressivo;Moderado;54.21;57.47
id0034688;Agressivo;Moderado;66.04;
id0034735;Agressivo;Agressivo;44.77;58.89
id0034757;Agressivo;Conservador;61.89;44.57
id0034793;Agressivo;Moderado;47.36;
id0034864;Agressivo;Conservador;39.27;44.01
id0034889;Agressivo;Moderado;40.63;61.41
id0034925;Agressivo;Agressivo;49.01;
id0034940;Agressivo;Agressivo;40.4;38.59
id0034953;Agressivo;Conservador;45.87;61.52
id0034958;Agressivo;Agressivo;37.43;
id0034996;Agressivo;Agressivo;32.99;
id0035005;Agressivo;Conservador;61.85;48.17
id0035008;Agressivo;Agressivo;54.62;
id0035034;Agressivo;Moderado;65.41;
id0035059;Agressivo;Agressivo;55.45;
id0035104;Agressivo;Moderado;50.34;
id0035108;Agressivo;Agressivo;66.67;62.81
id0035111;Agressivo;Agressivo;31.0;54.36
id0035116;Agressivo;Moderado;32.06;46.04
id0035151;Agressivo;Moderado;28.57;47.78
id0035173;Agressivo;Conservador;62.57;
id0035185;Agressivo;Conservador;42.87;
id0035197;Agressivo;Agressivo;44.99;47.76
id0035217;Agressivo;Moderado;45.68;
id0035239;Agressivo;Agressivo;68.63;
id0035243;Agressivo;Agressivo;32.75;
id0035246;Agressivo;Agressivo;45.76;43.34
id0035262;Agressivo;Agressivo;41.95;
id0035274;Agressivo;Agressivo;61.74;33.57
id0035287;Agressivo;Conservador;50.36;58.65
id0035337;Agressivo;Agressivo;42.77;37.86
id0035348;Agressivo;Moderado;33.26;18.64
id0035375;Agressivo;Agressivo;42.98;
id0035408;Agressivo;Agressivo;67.05;
id0035453;Agressivo;Conservador;37.82;
id0035470;Agressivo;Agressivo;61.12;23.63
id0035503;Agressivo;Moderado;34.9;45.89
id0035529;Agressivo;Agressivo;62.92;
id0035543;Agressivo;Agressivo;58.28;66.51
id0035576;Agressivo;Conservador;34.35;47.54
id0035607;Agressivo;Agressivo;74.84;
id0035608;Agressivo;Moderado;65.08;42.92
id0035611;Agressivo;Agressivo;53.34;71.33
id0035616;Agressivo;Agressivo;60.18;
id0035629;Agressivo;Conservador;57.52;57.94
id0035630;Agressivo;Agressivo;67.75;
id0035662;Agressivo;Agressivo;37.23;
id0035670;Agressivo;Agressivo;70.66;
id0035691;Agressivo;Agressivo;44.47;
id0035715;Agressivo;Conservador;69.79;36.31
id0035741;Agressivo;Moderado;47.79;49.02
id0035756;Agressivo;Agressivo;30.3;
id0035773;Agressivo;Conservador;54.78;44.41
id0035814;Agressivo;Conservador;57.59;50.26
id0035921;Agressivo;Agressivo;38.37;54.98
id0035925;Agressivo;Moderado;51.55;52.76
id0035930;Agressivo;Conservador;41.7;74.35
id0035935;Agressivo;Agressivo;31.64;56.93
id0036033;Agressivo;Agressivo;65.75;
id0036067;Agressivo;Moderado;40.19;50.28
id0036075;Agressivo;Conservador;52.08;
id0036088;Agressivo;Moderado;74.13;45.18
id0036144;Agressivo;Conservador;40.43;
id0036155;Agressivo;Conservador;66.13;62.67
id0036160;Agressivo;Moderado;68.44;
id0036172;Agressivo;Conservador;42.63;33.76
id0036221;Agressivo;Conservador;50.64;
id0036273;Agressivo;Agressivo;62.13;57.54
id0036293;Agressivo;Agressivo;31.0;
id0036359;Agressivo;Agressivo;23.97;58.01
id0036387;Agressivo;Agressivo;44.8;38.46
id0036391;Agressivo;Agressivo;44.41;
id0036410;Agressivo;Conservador;38.6;59.83
id0036486;Agressivo;Moderado;36.18;
id0036502;Agressivo;Conservador;48.2;
id0036511;Agressivo;Agressivo;55.03;
id0036545;Agressivo;Conservador;45.06;
id0036586;Agressivo;Agressivo;47.57;55.09
id0036592;Agressivo;Moderado;56.53;38.08
id0036596;Agressivo;Agressivo;63.25;30.04
id0036622;Agressivo;Agressivo;38.57;
id0036627;Agressivo;Moderado;67.85;49.32
id0036630;Agressivo;Moderado;78.26;60.11
id0036640;Agressivo;Agressivo;43.79;
id0036648;Agressivo;Conservador;39.77;42.76
id0036649;Agressivo;Conservador;67.54;
id0036696;Agressivo;Agressivo;57.36;53.41
id0036707;Agressivo;Moderado;62.41;36.29
id0036729;Agressivo;Agressivo;44.78;
id0036732;Agressivo;Agressivo;54.79;
id0036741;Agressivo;Moderado;48.81;37.55
id0036766;Agressivo;Conservador;59.08;55.74
id0036769;Agressivo;Conservador;36.3;64.93
id0036787;Agressivo;Conservador;60.89;
id0036805;Agressivo;Conservador;48.61;63.65
id0036825;Agressivo;Moderado;66.97;
id0036844;Agressivo;Agressivo;68.34;51.93
id0036890;Agressivo;Moderado;56.28;58.87
id0036935;Agressivo;Agressivo;46.15;
id0036973;Agressivo;Moderado;41.3;49.51
id0036981;Agressivo;Conservador;43.1;45.76
id0036993;Agressivo;Agressivo;41.66;
id0037032;Agressivo;Conservador;40.64;
id0037035;Agressivo;Agressivo;34.8;33.56
id0037042;Agressivo;Agressivo;37.63;
id0037196;Agressivo;Agressivo;50.72;74.05
id0037217;Agressivo;Agressivo;41.96;
id0037221;Agressivo;Agressivo;69.17;64.35
id0037228;Agressivo;Conservador;35.36;67.0
id0037245;Agressivo;Agressivo;28.43;
id0037281;Agressivo;Conservador;40.59;
id0037290;Agressivo;Moderado;41.16;
id0037292;Agressivo;Moderado;44.98;35.82
id0037339;Agressivo;Agressivo;47.37;
id0037349;Agressivo;Agressivo;52.26;
id0037386;Agressivo;Agressivo;56.65;
id0037388;Agressivo;Agressivo;62.06;43.82
id0037396;Agressivo;Agressivo;30.39;
id0037419;Agressivo;Agressivo;55.9;54.3
id0037466;Agressivo;Agressivo;64.53;
id0037483;Agressivo;Moderado;29.6;51.31
id0037507;Agressivo;Agressivo;52.8;
id0037520;Agressivo;Moderado;49.55;76.18
id0037557;Agressivo;Conservador;56.67;40.19
id0037570;Agressivo;Moderado;45.84;64.98
id0037573;Agressivo;Moderado;70.07;41.21
id0037622;Agressivo;Agressivo;44.74;53.9
id0037641;Agressivo;Agressivo;57.81;
id0037670;Agressivo;Conservador;46.72;50.8
id0037685;Agressivo;Moderado;44.76;42.8
id0037688;Agressivo;Conservador;39.37;47.09
id0037730;Agressivo;Agressivo;62.79;33.64
id0037784;Agressivo;Agressivo;18.44;
id0037798;Agressivo;Conservador;41.81;56.43
id0037812;Agressivo;Agressivo;28.29;
id0037831;Agressivo;Moderado;73.34;54.75
id0037852;Agressivo;Conservador;41.25;
id0037866;Agressivo;Conservador;68.9;
id0037868;Agressivo;Agressivo;58.53;
id0037936;Agressivo;Moderado;48.43;55.15
id0037937;Agressivo;Conservador;51.7;35.17
id0038035;Agressivo;Agressivo;64.48;
id0038042;Agressivo;Agressivo;71.18;
id0038062;Agressivo;Conservador;66.27;51.09
id0038078;Agressivo;Moderado;52.91;
id0038094;Agressivo;Agressivo;56.76;
id0038105;Agressivo;Agressivo;70.38;
id0038119;Agressivo;Conservador;52.83;
id0038159;Agressivo;Conservador;53.4;
id0038185;Agressivo;Agressivo;40.85;
id0038199;Agressivo;Agressivo;59.87;32.67
id0038227;Agressivo;Agressivo;32.46;32.61
id0038235;Agressivo;Agressivo;42.51;
id0038252;Agressivo;Agressivo;48.53;42.64
id0038257;Agressivo;Conservador;58.84;
id0038284;Agressivo;Moderado;40.51;37.14
id0038292;Agressivo;Agressivo;40.04;54.23
id0038323;Agressivo;Conservador;55.01;
id0038350;Agressivo;Agressivo;31.49;
id0038370;Agressivo;Agressivo;42.01;
id0038380;Agressivo;Conservador;56.11;54.16
id0038391;Agressivo;Agressivo;51.31;60.04
id0038395;Agressivo;Agressivo;41.99;
id0038396;Agressivo;Moderado;53.12;36.46
id0038477;Agressivo;Agressivo;45.74;
id0038487;Agressivo;Agressivo;40.87;44.67
id0038501;Agressivo;Conservador;53.25;39.31
id0038510;Agressivo;Moderado;73.34;33.28
id0038577;Agressivo;Moderado;54.89;51.23
id0038586;Agressivo;Agressivo;38.07;
id0038596;Agressivo;Moderado;48.98;
id0038657;Agressivo;Agressivo;46.71;
id0038669;Agressivo;Conservador;30.42;
id0038742;Agressivo;Agressivo;47.04;
